"archive_id","title_jp","title_en","release_status","release_status_en","release_status_en_normalized","entity_ids","region_ids","keyword_primary","keyword_secondary","original_terms","interpreted_entity_ids","tagging_notes","reaction_region_ids","organization_ids","region_tagging_notes","bloc_ids","bloc_assignment_status","bloc_confidence","bloc_evidence","bloc_review_notes","event_ids","event_assignment_status","event_evidence","event_notes","analytical_context_ids","analytical_context_notes","primary_subject_en","primary_subject_jp","related_analytical_concepts_en","related_analytical_concepts_jp","entity_review_required","keyword_ids","related_organization_ids","volume"
"A'.2.4.1.C(C))1-1","周恩来首相アジア・アフリカ諸国及びアルバニア訪問（第一巻・第二巻）","Premier Zhou Enlai's Visits to Asian and African Countries and Albania (Vols. 1-2)","部分公開","Partially Public","Partially Open","PRC;ALB","ASIA;AFRICA","VISIT","DIP;PRC_AFRICA;THIRD_WORLD","","","Zhou Enlai visit file; Asia-Africa/Albania route links PRC diplomacy and Third World diplomacy.","","","","","NO_BLOC_ASSIGNED","","","","","NO_EVENT_ASSIGNED","","","","","","","","","","","",""
"A'.2.4.2.U1-5-4-5","ニクソン大統領中華人民共和国訪問 諸外国の態度及び新聞論調 中近東アフリカ諸国","President Nixon's Visit to the PRC: Reactions and Press Commentary in the Middle East and Africa","要審査","Requires Review","Access Review Required","USA;PRC","MIDEAST;AFRICA","VISIT","REACT;PRESS;DIP;CW","","","Nixon's PRC visit plus Middle East/Africa reactions and press commentary.","","","","","NO_BLOC_ASSIGNED","","","","","NO_EVENT_ASSIGNED","","","","","","","","","","","",""
"A'.7.1.0.10-3","コンゴー動乱 諸外国の態度（第二巻）","The Congo Crisis: Reactions of Foreign Countries (Vol. 2)","要審査","Requires Review","Access Review Required","COD","AFRICA","CONGO_CRISIS","REACT;DECOL;CW;YEAR_AFRICA;AFRICAN_AGENCY","","","Congo Crisis and foreign reactions; decolonization/Cold War context.","","","","","NO_BLOC_ASSIGNED","","","","","NO_EVENT_ASSIGNED","","","","","","","","","","","",""
"B'.2.5.0.1-1","国際司法裁判所関係一件 裁判官選挙関係（第七巻）","Records Relating to the International Court of Justice: Judicial Elections (Vol. 7)","部分公開","Partially Public","Partially Open","","GLOBAL","ICJ","DIP;UN;JUDICIAL_ELECTIONS;INTERNATIONAL_ORGANIZATION_ELECTIONS","安保理事国;アジア・アフリカ;欧州;米州;共産圏諸国","","Updated from user-supplied bloc review. Asia-Africa remains a regional filing category; only explicit 共産圏諸国 is assigned as bloc.","AFRO_ASIA;ASIA;AFRICA;MIDEAST;EUROPE;AMERICAS","ICJ;UN;UNSC","ICJ judge election file. Main scale is global/international-institutional; contents canvass Security Council members, Asia-Africa, Europe, Americas, and communist countries. Keep UN/ICJ/UNSC in organization_ids.","SOCIALIST_BLOC","RESOLVED_ASSIGN","HIGH","目次に「共産圏諸国」が、安保理事国、アジア・アフリカ、欧州、米州とは別個の集合区分として明記されている。","目次に「共産圏諸国」が、安保理事国、アジア・アフリカ、欧州、米州とは別個の集合区分として明記されている。これは単なる地理的分類ではなく、諸国を政治・体制上の圏として扱った史料上明示的なbloc表現であるため、SOCIALIST_BLOCを付与する。「アジア・アフリカ」は国別の地理的整理であり、AFRO_ASIAN_BLOC等は付与しない。","","NO_EVENT_ASSIGNED","","","","","International Court of Justice: Judicial Elections","国際司法裁判所：裁判官選挙関係","International Organization Elections;Socialist Bloc as Source Category;UN Institutional Diplomacy","国際機関選挙;史料上の社会主義圏区分;国連機関外交","","ICJ;DIP;UN;JUDICIAL_ELECTIONS;INTERNATIONAL_ORGANIZATION_ELECTIONS","",""
"B'.6.1.0.24","アジア・アフリカ会議関係一件（第一巻）","Records Relating to the Asian-African Conference (Vol. 1)","要審査","Requires Review","Access Review Required","JPN;PRC;ROC;IDN;IND;PAK","ASIA;AFRICA;AFRO_ASIA;SOUTHEAST_ASIA","AFRO_ASIAN_CONF","BANDUNG_CONFERENCE;CONFERENCE_DIPLOMACY;POST_CONFERENCE_FOLLOW_UP;DIPLOMATIC_LIAISON;DECOL;THIRD_WORLD;PAN_AFRICAN","アジア・アフリカ会議;各国連絡官任命;中国;中共;中華民国","CHN_AMBIG;PRC;ROC","Updated from user-supplied bloc review. BANDUNG_1955 is assigned as event; AFRO_ASIAN_BLOC is not assigned because the record does not show a standing bloc or unified voting/negotiating actor.","","","","","RESOLVED_BLANK","","","アジア・アフリカ会議の準備、会議関係文書、および1956年以降の各国連絡官任命関係を収録する。会議名称は多国間イベントを示すが、恒常的なアジア・アフリカblocや統一投票主体を示すものではないため、bloc_idsは空欄とする。","BANDUNG_1955","ASSIGNED_SOURCE_EXPLICIT","史料件名が「アジア・アフリカ会議関係一件」であり、バンドン会議関係文書を収録するため。","BANDUNG_1955をevent_idsに付与。会議後の連絡体制はPOST_CONFERENCE_FOLLOW_UPおよびDIPLOMATIC_LIAISONで表す。","","","Asian-African Conference: Preparatory Records and Post-Conference Liaison","アジア・アフリカ会議：準備文書および会議後連絡体制","Bandung Conference;Conference Diplomacy;Post-Conference Follow-up;Diplomatic Liaison;Decolonization","バンドン会議;会議外交;会議後フォローアップ;外交連絡;脱植民地化","","AFRO_ASIAN_CONF;BANDUNG_CONFERENCE;CONFERENCE_DIPLOMACY;POST_CONFERENCE_FOLLOW_UP;DIPLOMATIC_LIAISON;DECOL;THIRD_WORLD;PAN_AFRICAN","",""
"B'6.1.0.24-1-1","アジア・アフリカ会議一件 日本の態度 参考資料関係（第二巻）","Records Relating to the Asian-African Conference: Japan's Position and Reference Materials (Vol. 2)","公開","Public","Open","JPN;PRC","AFRO_ASIA;ASIA;AFRICA","BANDUNG_CONFERENCE","JAPANESE_POSITION;POLICY_PREPARATION;SECURITY;MILITARY;NUCLEAR_ISSUES;PRC_POSITION_ON_NUCLEAR_ISSUES","中共;原子力問題に対する中共の態度","PRC","Updated from user-supplied tagging. SEATO is stored in related_organization_ids, not organization_ids.","","","","","RESOLVED_BLANK","","","日本の態度・参考資料関係のファイルであり、Bandungはeventとして扱う。SEATOは関連組織・安全保障文脈であり、恒常的なアジア・アフリカblocや統一行動主体は示さないためbloc_idsは空欄。","BANDUNG_1955","ASSIGNED_SOURCE_EXPLICIT","Title directly concerns 「アジア・アフリカ会議一件 日本の態度 参考資料関係」.","BANDUNG_1955をevent_idsに付与。","COLD_WAR_SECURITY_ARCHITECTURE_IN_ASIA;REGIONAL_SECURITY_IN_SOUTHEAST_ASIA;US_ALLIANCE_SYSTEM_IN_ASIA","Security and nuclear reference materials around the Japan position for Bandung are interpreted through Cold War Asian security architecture, Southeast Asian regional security, and the US alliance system in Asia.","Asian-African Conference: Japanese Position and Security Reference Materials","アジア・アフリカ会議：日本の態度と安全保障関係参考資料","Bandung Conference;Japanese Position;Policy Preparation;Cold War Security Architecture in Asia;Regional Security in Southeast Asia;US Alliance System in Asia;PRC Position on Nuclear Issues","バンドン会議;日本の態度;政策準備;アジアにおける冷戦期安全保障構造;東南アジアの地域安全保障;アジアにおける米国同盟体制;原子力問題に対する中共の態度","","BANDUNG_CONFERENCE;JAPANESE_POSITION;POLICY_PREPARATION;SECURITY;MILITARY;NUCLEAR_ISSUES;PRC_POSITION_ON_NUCLEAR_ISSUES","SEATO",""
"B'.6.1.0.24-2","アジア・アフリカ会議関係一件 諸外国の態度（第一巻）","Records Relating to the Asian-African Conference: Positions of Foreign Countries (Vol. 1)","部分公開","Partially Public","Partially Open","PRC;ROC;IDN;IND;PAK;USA","ASIA;AFRICA;MIDEAST;AFRO_ASIA;SOUTHEAST_ASIA","BANDUNG_CONFERENCE","FOREIGN_GOVERNMENT_ATTITUDES;GOVERNMENT_REACTIONS;PRC_ROC_COMPETITION;CONFERENCE_DIPLOMACY;SECURITY","中国;中共政府;中華民国;中共代表団乗用機墜落事件関係","PRC;ROC","Updated from user-supplied bloc review. Foreign attitudes are country-by-country reactions, not bloc action.","","","","","RESOLVED_BLANK","","","アジア・アフリカ会議に対する諸外国およびPRC・ROCの態度を国別に整理したファイルであり、共同声明、統一投票方針、恒常的な政治blocとしての行動を示すものではない。bloc_idsは空欄とする。","BANDUNG_1955;KASHMIR_PRINCESS_INCIDENT_1955","ASSIGNED_SOURCE_EXPLICIT","アジア・アフリカ会議に対する諸外国の態度を扱い、独立項目として「中共代表団乗用機墜落事件関係」を収録するため。","BANDUNG_1955を主イベントとして付与し、「中共代表団乗用機墜落事件関係」が独立項目として収録されるため、KASHMIR_PRINCESS_INCIDENT_1955を関連イベントとして付与する。","","","Asian-African Conference: Foreign Positions and the Kashmir Princess Incident","アジア・アフリカ会議：諸外国の態度とカシミール・プリンセス号事件","Bandung Conference;Foreign Government Attitudes;PRC-ROC Competition;Conference Diplomacy;Kashmir Princess Incident","バンドン会議;諸外国政府の態度;中華人民共和国・中華民国競合;会議外交;カシミール・プリンセス号事件","","BANDUNG_CONFERENCE;FOREIGN_GOVERNMENT_ATTITUDES;GOVERNMENT_REACTIONS;PRC_ROC_COMPETITION;CONFERENCE_DIPLOMACY;SECURITY","","1"
"B'.6.1.0.25-7","第二回アジア・アフリカ会議関係 各国の参加状況","Second Asian-African Conference: Participation of Individual Countries","部分公開","Partially Public","Partially Open","PRC;ROC;IDN;IND;USA","ASIA;AFRICA;MIDEAST;AFRO_ASIA;SOUTHEAST_ASIA","AFRO_ASIAN_CONF","SECOND_AFRO_ASIAN_CONFERENCE;PARTICIPATION;CONFERENCE_DIPLOMACY;REPRESENTATION;THIRD_WORLD;PAN_AFRICAN","中共;中華民国","PRC;ROC","Second Asian-African Conference participation status; participant selection and recognition politics.","","","","","NO_BLOC_ASSIGNED","","","","SECOND_AA_CONF_1965_PLANNED","ASSIGNED_SOURCE_EXPLICIT","Title directly concerns 「第二回アジア・アフリカ会議関係 各国の参加状況」.","Treat as planned/postponed Second Asian-African Conference; participation status is not bloc action.","","","","","","","","","",""
"B'.6.1.0.34","アジア・アフリカ人民連帯会議一件（アジア・アフリカ諸国民会議関係を含む）（第四巻）","Records Relating to the Afro-Asian Peoples' Solidarity Conference, Including the Conference of Asian and African Peoples (Vol. 4)","要審査","Requires Review","Access Review Required","JPN;PRC;USSR;IDN;IRQ;EGY;IRN","ASIA;AFRICA;MIDEAST;AFRO_ASIA","AAPSO","AFRO_ASIAN_SOLIDARITY;PEOPLES_DIPLOMACY;THIRD_WORLD;ECON_COOP;PAN_AFRICAN","中国","CHN_AMBIG","Afro-Asian People's Solidarity; committees and transnational solidarity networks, not merely state conference diplomacy.","","AAPSO","","","NO_BLOC_ASSIGNED","","","","AAPSO_CONFERENCE_SERIES","ASSIGNED_SOURCE_EXPLICIT","Title directly concerns 「アジア・アフリカ人民連帯会議一件」 and related Afro-Asian peoples conference materials.","Series-level event_id pending more granular identification of individual AAPSO conferences. organization_ids corrected to include AAPSO as the organization authority for the Afro-Asian People's Solidarity Organization.","","","","","","","","","",""
"C'.1.1.0.1","各国兵役関係雑件","Miscellaneous Records on Military Service in Various Countries","部分公開","Partially Public","Partially Open","PRC;ROC;IRN;MAR;EGY;ZAF;TUR","ASIA;MIDEAST;AFRICA","MIL_SERVICE","CONSCRIPTION;MIL;DEFENSE","中共;中華民国;中近東;アフリカ;イラン;モロッコ;アラブ連合共和国;南アフリカ共和国;トルコ","PRC;ROC;MIDEAST;AFRICA;IRN;MAR;EGY;ZAF;TUR","Military service/conscription systems. MOFA detail includes PRC, ROC, Iran, Morocco, UAR/Egypt, South Africa, and Turkey; do not tag as weapons/armaments.","","","","","NO_BLOC_ASSIGNED","","","","","NO_EVENT_ASSIGNED","","","","","","","","","","","",""
"C'.4.2.0.1","各国兵器関係（第二巻）","Weapons and Armaments in Various Countries (Vol. 2)","部分公開","Partially Public","Partially Open","AUS;SGP;PRC;THA;NZL;IND;IDN;SYR;TUR;ISR;EGY;KEN","ASIA_PACIFIC;MIDEAST;AFRICA","ARMS","NUCLEAR_WEAPONS;ARMS_RACE;MIL","オーストラリア;シンガポール;中共;タイ;ニュージーランド;インド;インドネシア;シリア;トルコ;イスラエル;エジプト;ケニア","AUS;SGP;PRC;THA;NZL;IND;IDN;SYR;TUR;ISR;EGY;KEN","Armaments file. MOFA detail indicates early arms race and nuclear weapons development intelligence, especially PRC and Israel nuclear questions.","","","","","NO_BLOC_ASSIGNED","","","","","NO_EVENT_ASSIGNED","","","","","","","","","","","",""
"M'.3.1.7.8-2-4","在外公館長会議関係 アジア、太平洋地域公館公館長会議 第四回（第一巻）","Meetings of Chiefs of Overseas Missions: Fourth Meeting of Chiefs of Missions in the Asia-Pacific Region (Vol. 1)","公開","Public","Open","JPN","ASIA_PACIFIC","EMBASSY_CHIEFS","REGIONAL_DIP;DIP","","","Asia-Pacific chiefs of overseas missions meeting.","","","","","NO_BLOC_ASSIGNED","","","","","NO_EVENT_ASSIGNED","","","","","","","","","","","",""
"M'.3.1.7.8-6-5","在外公館長会議関係 中近東地域公館長会議 第五回会議関係（第二巻）","Meetings of Chiefs of Overseas Missions: Fifth Meeting of Chiefs of Missions in the Middle East Region (Vol. 2)","部分公開","Partially Public","Partially Open","JPN","MIDEAST","EMBASSY_CHIEFS","REGIONAL_DIP;DIP","","","Middle East chiefs of overseas missions meeting.","","","","","NO_BLOC_ASSIGNED","","","","","NO_EVENT_ASSIGNED","","","","","","","","","","","",""
"2011-0710","日中国交正常化（諸外国の反応）","Normalization of Japan-PRC Relations: Reactions of Foreign Countries","部分公開","Partially Public","Partially Open","JPN;PRC;ROC;TWN","ASIA","NORM","JPN_PRC;REACT;REC;DIP;RECOG_SWITCH;RECOG_COMP","","","Japan-PRC normalization and foreign reactions; ROC context may be relevant because normalization changed Japan-ROC relations.","","","","","NO_BLOC_ASSIGNED","","","","","NO_EVENT_ASSIGNED","","","","","","","","","","","",""
"2011-0712","日中国交正常化（諸外国の反応）","Normalization of Japan-PRC Relations: Reactions of Foreign Countries","部分公開","Partially Public","Partially Open","JPN;PRC;ROC;TWN","ASIA","NORM","JPN_PRC;REACT;REC;DIP;RECOG_SWITCH;RECOG_COMP","","","Japan-PRC normalization and foreign reactions; companion file.","","","","","NO_BLOC_ASSIGNED","","","","","NO_EVENT_ASSIGNED","","","","","","","","","","","",""
"2011-0714","日中国交正常化（田中総理中国訪問（諸外国の反応））","Normalization of Japan-PRC Relations: Reactions of Foreign Countries to Prime Minister Tanaka's Visit to China","公開","Public","Open","JPN;PRC;TWN","ASIA","NORM","JPN_PRC;VISIT;REACT;DIP;RECOG_SWITCH","","","Tanaka's PRC visit in normalization context.","","","","","NO_BLOC_ASSIGNED","","","","","NO_EVENT_ASSIGNED","","","","","","","","","","","",""
"2013-3308","日中関係","Japan-China Relations","部分公開","Partially Public","Partially Open","JPN;PRC;CHN_AMBIG","ASIA","JPN_PRC","BILAT;DIP","中国","CHN_AMBIG","Generic Japan-China relations; CHN_AMBIG retained because title says 中国 without narrower context.","","","","","NO_BLOC_ASSIGNED","","","","","NO_EVENT_ASSIGNED","","","","","","","","","","","",""
"2016-0275","日中関係(総理/大臣等発言要領)","Japan-China Relations: Statements by the Prime Minister, Ministers, and Other Officials","公開","Public","Open","JPN;PRC;CHN_AMBIG","ASIA","JPN_PRC","DIP;PRESS","中国","CHN_AMBIG","Japan-China relations and official statements; title uses 中国 generally.","","","","","NO_BLOC_ASSIGNED","","","","","NO_EVENT_ASSIGNED","","","","","","","","","","","",""
"2014-3076","華国鋒中国国務院総理訪日/報道振り返り","Visit to Japan by PRC Premier Hua Guofeng: Press Review","公開","Public","Open","JPN;PRC","ASIA","VISIT","JPN_PRC;PRESS;DIP","中国","CHN_AMBIG","Visit to Japan by PRC Premier Hua Guofeng; press review.","","","","","NO_BLOC_ASSIGNED","","","","","NO_EVENT_ASSIGNED","","","","","","","","","","","",""
"2016-1326","米国政治（含、対日関係）","United States Politics, Including Relations with Japan","部分公開","Partially Public","Partially Open","USA;JPN","NORTH_AMERICA","DIP","BILAT;CW","","","US politics including Japan relations; not necessarily China-specific from title.","EAST_ASIA;SOUTH_ASIA;MIDEAST;AFRICA;LATIN_AMERICA;CENTRAL_AMERICA;GLOBAL","UN;UNGA","US politics file. Main geographic subject is United States/North America; contents include US-China, Korea, Pakistan, Iran-Iraq, Africa, UNGA, Nicaragua and El Salvador.","","NO_BLOC_ASSIGNED","","","","","NO_EVENT_ASSIGNED","","","","","","","","","","","",""
"2013-0327","ニュー・ジーランド外交","New Zealand Diplomacy","部分公開","Partially Public","Partially Open","NZL","ASIA_PACIFIC","DIP","BILAT;REGIONAL_DIP","アジア自由圏;アジア共産圏;アジア自由圏・ASEAN","","New Zealand diplomacy.","","","","ASIAN_FREE_WORLD;ASIAN_COMMUNIST_BLOC","ASSIGNED_SOURCE_EXPLICIT","HIGH","MOFA DA TOC explicitly includes 「アジア自由圏・ASEAN」, 「アジア自由圏」, and 「アジア共産圏」.","Confirmed from MOFA DA material-detail id=100-077384. 「アジア共サンケン」 is treated as a source/OCR variant of 「アジア共産圏」; keep normalized bloc_id ASIAN_COMMUNIST_BLOC.","","NO_EVENT_ASSIGNED","","","","","","","","","","","",""
"2016-0860","ニュー・ジーランド外交","New Zealand Diplomacy","公開","Public","Open","NZL","ASIA_PACIFIC","DIP","BILAT;REGIONAL_DIP","","","New Zealand diplomacy.","","","","","NO_BLOC_ASSIGNED","","","","","NO_EVENT_ASSIGNED","","","","","","","","","","","",""
"2013-2429","中共・アフリカ諸国関係","PRC-Africa Relations","部分公開","Partially Public","Partially Open","PRC","AFRICA","PRC_AFRICA","DIP;THIRD_WORLD;DECOL;RECOG_COMP;AFRICAN_AGENCY","中共","PRC","PRC-Africa relations.","","","","","NO_BLOC_ASSIGNED","","","","","NO_EVENT_ASSIGNED","","","","","","","","","","","",""
"2013-2430","中共・アフリカ諸国関係","PRC-Africa Relations","部分公開","Partially Public","Partially Open","PRC","AFRICA","PRC_AFRICA","DIP;THIRD_WORLD;DECOL;RECOG_COMP;AFRICAN_AGENCY","中共","PRC","PRC-Africa relations.","","","","","NO_BLOC_ASSIGNED","","","","","NO_EVENT_ASSIGNED","","","","","","","","","","","",""
"2013-2431","中共・アフリカ諸国関係","PRC-Africa Relations","部分公開","Partially Public","Partially Open","PRC","AFRICA","PRC_AFRICA","DIP;THIRD_WORLD;DECOL;RECOG_COMP;AFRICAN_AGENCY","中共","PRC","PRC-Africa relations.","","","","","NO_BLOC_ASSIGNED","","","","","NO_EVENT_ASSIGNED","","","","","","","","","","","",""
"2013-2432","中共・アフリカ諸国関係","PRC-Africa Relations","部分公開","Partially Public","Partially Open","PRC","AFRICA","PRC_AFRICA","DIP;THIRD_WORLD;DECOL;RECOG_COMP;AFRICAN_AGENCY","中共","PRC","PRC-Africa relations.","","","","","NO_BLOC_ASSIGNED","","","","","NO_EVENT_ASSIGNED","","","","","","","","","","","",""
"2013-2433","中共・中近東、アフリカ諸国関係","PRC Relations with the Middle East and African Countries","要審査","Requires Review","Access Review Required","PRC","MIDEAST;AFRICA","PRC_MEA","DIP;THIRD_WORLD;PRC_AFRICA;AFRICAN_AGENCY","中共","PRC","PRC relations with Middle East and African countries.","","","","","NO_BLOC_ASSIGNED","","","","","NO_EVENT_ASSIGNED","","","","","","","","","","","",""
"2013-2434","中共・中近東、アフリカ諸国関係","PRC Relations with the Middle East and African Countries","要審査","Requires Review","Access Review Required","PRC","MIDEAST;AFRICA","PRC_MEA","DIP;THIRD_WORLD;PRC_AFRICA;AFRICAN_AGENCY","中共","PRC","PRC relations with Middle East and African countries.","","","","","NO_BLOC_ASSIGNED","","","","","NO_EVENT_ASSIGNED","","","","","","","","","","","",""
"2013-2435","中共・中近東、アフリカ諸国関係","PRC Relations with the Middle East and African Countries","要審査","Requires Review","Access Review Required","PRC","MIDEAST;AFRICA","PRC_MEA","DIP;THIRD_WORLD;PRC_AFRICA;AFRICAN_AGENCY","中共;第三回非同盟諸国首脳会議","PRC","PRC relations with Middle East and African countries.","","","","NON_ALIGNED_MOVEMENT","ASSIGNED_SOURCE_EXPLICIT","HIGH","MOFA DA TOC explicitly includes 「第三回非同盟諸国首脳会議」.","Confirmed from MOFA DA material-detail id=100-070338; non-aligned identity is source-explicit, not inferred from participating states.","NAM_SUMMIT_3_1970","ASSIGNED_SOURCE_EXPLICIT","MOFA DA TOC explicitly includes 「第三回非同盟諸国首脳会議」.","Event assignment is specific to the Third Non-Aligned Summit; bloc_ids retains NON_ALIGNED_MOVEMENT.","","","","","","","","","",""
"2013-2436","中共・中近東、アフリカ諸国関係","PRC Relations with the Middle East and African Countries","要審査","Requires Review","Access Review Required","PRC","MIDEAST;AFRICA","PRC_MEA","DIP;THIRD_WORLD;PRC_AFRICA;AFRICAN_AGENCY","中共","PRC","PRC relations with Middle East and African countries.","","","","","NO_BLOC_ASSIGNED","","","","","NO_EVENT_ASSIGNED","","","","","","","","","","","",""
"2013-2437","中共・中近東、アフリカ諸国関係","PRC Relations with the Middle East and African Countries","要審査","Requires Review","Access Review Required","PRC","MIDEAST;AFRICA","PRC_MEA","DIP;THIRD_WORLD;PRC_AFRICA;AFRICAN_AGENCY","中共","PRC","PRC relations with Middle East and African countries.","","","","","NO_BLOC_ASSIGNED","","","","","NO_EVENT_ASSIGNED","","","","","","","","","","","",""
"2017-0035","中国・ソ連関係","Sino-Soviet Relations","要審査","Requires Review","Access Review Required","PRC;USSR","ASIA","SINO_SOVIET","CW;BILAT;DIP","中国","CHN_AMBIG","Sino-Soviet relations; title uses 中国 but English title resolves to PRC/China-Soviet.","","","","","NO_BLOC_ASSIGNED","","","","","NO_EVENT_ASSIGNED","","","","","","","","","","","",""
"2012-1600","ビルマ外交","Burmese Diplomacy","部分公開","Partially Public","Partially Open","MMR","ASIA","DIP","BILAT;REGIONAL_DIP","","","Burma/Myanmar diplomacy.","","","","","NO_BLOC_ASSIGNED","","","","","NO_EVENT_ASSIGNED","","","","","","","","","","","",""
"2010-5146","アンゴラ独立/各国承認状況","Angolan Independence: Recognition by Various Countries","部分公開","Partially Public","Partially Open","AGO","AFRICA","ANGOLA_INDEP","REC;DECOL;REACT;AFRICAN_AGENCY;LIBERATION","","","Angolan independence and recognition by foreign countries.","","","","","NO_BLOC_ASSIGNED","","","","","NO_EVENT_ASSIGNED","","","","","","","","","","","",""
"2016-2224","中東情勢","Middle East Situation","要審査","Requires Review","Access Review Required","","MIDEAST","MIDEAST_SIT","DIP;CW","","","Middle East situation.","","","","SOCIALIST_BLOC","ASSIGNED_SOURCE_EXPLICIT","HIGH","Prior manual review identified explicit collective wording 「ソ連・共産圏諸国」.","Use SOCIALIST_BLOC, not EASTERN_BLOC, because the source wording is broader than Eastern Europe.","","NO_EVENT_ASSIGNED","","","","","","","","","","","",""
"2012-3120","中東情勢","Middle East Situation","部分公開","Partially Public","Partially Open","","MIDEAST","MIDEAST_SIT","DIP;CW","","","Middle East situation.","","","","","NO_BLOC_ASSIGNED","","","","","NO_EVENT_ASSIGNED","","","","","","","","","","","",""
"2012-3121","中東情勢","Middle East Situation","部分公開","Partially Public","Partially Open","","MIDEAST","MIDEAST_SIT","DIP;CW","","","Middle East situation.","","","","","NO_BLOC_ASSIGNED","","","","","NO_EVENT_ASSIGNED","","","","","","","","","","","",""
"2012-3122","中東情勢","Middle East Situation","部分公開","Partially Public","Partially Open","","MIDEAST","MIDEAST_SIT","DIP;CW","","","Middle East situation.","","","","","NO_BLOC_ASSIGNED","","","","","NO_EVENT_ASSIGNED","","","","","","","","","","","",""
"2012-3153","中東情勢","Middle East Situation","部分公開","Partially Public","Partially Open","","MIDEAST","MIDEAST_SIT","DIP;CW","","","Middle East situation.","","","","","NO_BLOC_ASSIGNED","","","","","NO_EVENT_ASSIGNED","","","","","","","","","","","",""
"2011-0082","カンボディア問題","Cambodian Question","要審査","Requires Review","Access Review Required","KHM","ASIA","CAMBODIA_Q","DIP;CW","","","Cambodian question.","","","","","NO_BLOC_ASSIGNED","","","","","NO_EVENT_ASSIGNED","","","","","","","","","","","",""
"2011-0092","カンボディア問題（含、カンボディア民族連合王国政府）","Cambodian Question, Including the Royal Government of National Union of Cambodia","部分公開","Partially Public","Partially Open","KHM","ASIA","CAMBODIA_Q","DIP;CW","","","Cambodian question, including Royal Government of National Union of Cambodia.","","","","","NO_BLOC_ASSIGNED","","","","","NO_EVENT_ASSIGNED","","","","","","","","","","","",""
"2013-2495","中共・インド国境紛争","Sino-Indian Border Conflict","部分公開","Partially Public","Partially Open","PRC;IND","ASIA","SINO_INDIAN_BORDER","MIL;CW;BILAT","中共","PRC","Sino-Indian border conflict.","","","","","NO_BLOC_ASSIGNED","","","","","NO_EVENT_ASSIGNED","","","","","","","","","","","",""
"2013-3457","中共・インド国境紛争","Sino-Indian Border Conflict","公開","Public","Open","PRC;IND","ASIA","SINO_INDIAN_BORDER","MIL;CW;BILAT","中共","PRC","Sino-Indian border conflict.","","","","","NO_BLOC_ASSIGNED","","","","","NO_EVENT_ASSIGNED","","","","","","","","","","","",""
"2014-3238","アフガニスタン問題","Afghanistan Question","部分公開","Partially Public","Partially Open","AFG","ASIA","AFGHAN_ISSUE","DIP;CW","","","Afghanistan question.","","","","","NO_BLOC_ASSIGNED","","","","","NO_EVENT_ASSIGNED","","","","","","","","","","","",""
"2016-1363","中東問題/紅海における爆雷爆発事件","Middle East Question: Mine Explosion Incident in the Red Sea","部分公開","Partially Public","Partially Open","","MIDEAST","RED_SEA_MINE","MIDEAST_SIT;MARITIME_SEC;MIL","","","Red Sea mine explosion incident within Middle East question.","","","","","NO_BLOC_ASSIGNED","","","","","NO_EVENT_ASSIGNED","","","","","","","","","","","",""
"2017-0685","中東問題","Middle East Question","要審査","Requires Review","Access Review Required","","MIDEAST","MIDEAST_SIT","DIP;CW","","","Middle East question.","","","","","NO_BLOC_ASSIGNED","","","","","NO_EVENT_ASSIGNED","","","","","","","","","","","",""
"2018-0150","イラン・イラク問題","Iran-Iraq Question","要審査","Requires Review","Access Review Required","IRN;IRQ","MIDEAST","IRAN_IRAQ","MIL;DIP;CW","","","Iran-Iraq question.","","","","","NO_BLOC_ASSIGNED","","","","","NO_EVENT_ASSIGNED","","","","","","","","","","","",""
"2019-0762","イラン・イラク問題","Iran-Iraq Question","部分公開","Partially Public","Partially Open","IRN;IRQ","MIDEAST","IRAN_IRAQ","MIL;DIP;CW","","","Iran-Iraq question.","","","","","NO_BLOC_ASSIGNED","","","","","NO_EVENT_ASSIGNED","","","","","","","","","","","",""
"2019-0768","イラン・イラク問題","Iran-Iraq Question","要審査","Requires Review","Access Review Required","IRN;IRQ","MIDEAST","IRAN_IRAQ","MIL;DIP;CW","","","Iran-Iraq question.","","","","","NO_BLOC_ASSIGNED","","","","","NO_EVENT_ASSIGNED","","","","","","","","","","","",""
"2014-0899","トルコ外交","Turkish Diplomacy","部分公開","Partially Public","Partially Open","TUR","MIDEAST","DIP","BILAT;REGIONAL_DIP","","","Turkey diplomacy.","","","","","NO_BLOC_ASSIGNED","","","","","NO_EVENT_ASSIGNED","","","","","","","","","","","",""
"2016-0063","西独外交","West German Diplomacy","部分公開","Partially Public","Partially Open","DEU_W","EUROPE;WESTERN_EUROPE","DIP","BILAT;CW","","","West German diplomacy.","EASTERN_EUROPE;ASIA;EAST_ASIA;SOUTHEAST_ASIA;SOUTH_ASIA;LATIN_AMERICA;MIDEAST;AFRICA","EC","West German diplomacy file. Main subject is West Germany/Western Europe; contents also cover EC, France, UK, Italy, Spain, Eastern Europe, Asia, Latin America, Middle East, and Africa.","","NO_BLOC_ASSIGNED","","","","","NO_EVENT_ASSIGNED","","","","","","","","","","","",""
"2009-0721","中国・諸外国間貿易協定","Trade Agreements between the PRC and Foreign Countries","公開","Public","Open","PRC","ASIA","TRADE_AGR","TRADE;DIP;BILAT","中国","CHN_AMBIG","Trade agreements between PRC/China and foreign countries; title uses 中国 but English resolves PRC.","","","","","NO_BLOC_ASSIGNED","","","","","NO_EVENT_ASSIGNED","","","","","","","","","","","",""
"2013-3130","中共貿易/統計，資料（含、対日関係）","PRC Trade: Statistics and Reference Materials (Including Relations with Japan)","公開","Public","Open","PRC;JPN","ASIA","TRADE_STATS","TRADE;JPN_PRC;ECON_COOP","中共","PRC","PRC trade statistics/reference materials including Japan relations.","","","","SOCIALIST_BLOC","ASSIGNED_SOURCE_EXPLICIT","HIGH","Prior manual review identified explicit collective wording 「共産圏諸国」.","Trade record; bloc assignment reflects source grouping, not the presence of individual socialist states.","","NO_EVENT_ASSIGNED","","","","","","","","","","","",""
"2013-3131","中共対外経済援助","PRC Foreign Economic Assistance","部分公開","Partially Public","Partially Open","PRC","ASIA;AFRICA;MIDEAST","AID","ECON_COOP;THIRD_WORLD;SOUTH_SOUTH_RELATIONS","中共","PRC","PRC foreign economic assistance; relevant to developing countries/Third World diplomacy.","","","","SOCIALIST_BLOC","ASSIGNED_SOURCE_EXPLICIT","HIGH","Prior manual review identified explicit collective wording 「共産圏諸国」.","Aid record; bloc assignment reflects source grouping.","","NO_EVENT_ASSIGNED","","","","","","","","","","","",""
"2010-1116","国連","United Nations","公開","Public","Open","","GLOBAL;ASIA;AFRICA","UN","DIP","","","Generic United Nations file.","EAST_ASIA;ASIA;AFRICA","UN","UN general file. UN itself belongs in organization_ids; geographic contents include China question, Asian chiefs-of-mission meeting, and African chiefs-of-mission meeting.","","NO_BLOC_ASSIGNED","","","","","NO_EVENT_ASSIGNED","","","","","","","","","","","",""
"2010-5183","国連","United Nations","公開","Public","Open","","ASIA;EAST_ASIA;SOUTHEAST_ASIA","UN","DIP","","","Generic United Nations file.","ASIA_PACIFIC;SOUTH_ASIA;OCEANIA;GLOBAL","UN;WMO;ECAFE","UN policy file centered on Asia, PRG, Vietnam, China, and ASEAN issues. Africa appears mainly as a cross-reference; do not make AFRICA a main region unless the Africa file content is incorporated.","","NO_BLOC_ASSIGNED","","","","","NO_EVENT_ASSIGNED","","","","","","","","","","","",""
"2014-4131","国連代表権問題/中共","Question of China's Representation in the United Nations","部分公開","Partially Public","Partially Open","PRC;ROC;CHN_AMBIG;TWN","ASIA","REP_CHINA","UN;REC;DIP;RECOG_COMP","中共;中国","PRC;CHN_AMBIG","UN China representation question; retain PRC/ROC/CHN_AMBIG because the issue concerns the China seat.","","","","","NO_BLOC_ASSIGNED","","","1971年秋の第26回国連総会を見越し、外務本省の訓令に対して各在外公館が現地政府・報道の態度を回答した国別・地域別動静報告である。欧州、東欧、アジア、アフリカ等は報告整理上の地域区分であり、共同声明、統一投票、共通交渉方針を持つblocを示さない。bloc_idsは空欄とする。","","NO_EVENT_ASSIGNED","","","","","","","","","","","",""
"2014-4133","国連代表権問題/中共","Question of China's Representation in the United Nations","部分公開","Partially Public","Partially Open","PRC;ROC;USA;AUS;NZL","GLOBAL;EAST_ASIA","UN_CHINA_REPRESENTATION_ISSUE","PRC_UN_REPRESENTATION;ROC_UN_REPRESENTATION;PRC_ROC_COMPETITION;GOVERNMENT_REACTIONS;FOREIGN_GOVERNMENT_ATTITUDES;INTERNATIONAL_REACTION;MEDIA_REACTIONS","中共;中国","PRC;CHN_AMBIG","UN China representation issue; government figures and overseas media reactions collected by region. Updated with reaction regions and PRC/ROC representation keywords.","NORTH_AMERICA;WESTERN_EUROPE;EUROPE;ASIA;EASTERN_EUROPE;OCEANIA;LATIN_AMERICA;AFRICA;MIDEAST","UN;UNGA","","","NO_BLOC_ASSIGNED","","","政府要人および海外報道の反応を地域別に収集した史料であり、地域グループによる共同声明、統一投票、共通交渉方針を示すものではない。西欧、東欧、アジア、アフリカ等は反応整理上の地域区分であるため、bloc_idsは空欄とする。個別国が不明なため植民地遺産別タグも付与しない。","UNGA_26_1971","ASSIGNED_SOURCE_EXPLICIT","User-provided tagging states this record concerns the 26th UN General Assembly / 1971 UN China representation issue, with reactions by government figures and overseas reporting organized by region.","Assigned UNGA_26_1971. Use UNGA_2758_1971_CHINA_REPRESENTATION only if the vote/resolution itself is central; this record is treated as reactions/attitudes around the 1971 UNGA context.","DECOLONIZATION_AND_UN_DIPLOMACY;POSTCOLONIAL_STATES_AND_CHINA_REPRESENTATION;THIRD_WORLD_RESPONSES_TO_CHINA_REPRESENTATION","Added to frame the record as international reactions to the UN China representation issue in the context of decolonization, postcolonial states, and Third World responses. These are analytical contexts, not bloc_ids.","","","","","","","",""
"2014-2744","国連中国代表権問題/中共（各国の態度）","Question of China's Representation in the United Nations: Attitudes of Various Countries","部分公開","Partially Public","Partially Open","PRC;ROC;COL;VEN;ARG;ECU;MEX;BRA;PAN;PRY;URY;DOM;BOL;CHL;PER;CIV;GHA;ZAF;MDG;SEN;KEN;AUS;NZL","GLOBAL;EAST_ASIA","UN_CHINA_REPRESENTATION_ISSUE","VOTING_BEHAVIOR;VOTE_COUNTING;DIPLOMATIC_LOBBYING;SUPPORT_REQUEST;FOREIGN_GOVERNMENT_ATTITUDES;JAPANESE_DIPLOMATIC_REPORTING;PRC_ROC_COMPETITION","中共;象牙海岸;コンゴー;南ア;豪;NZ","PRC;CIV;CONGO_ENTITY_AMBIGUOUS;ZAF;AUS;NZL","Updated from user-supplied review data. Congo remains unresolved and should not be forced into COD/COG without checking the source.","LATIN_AMERICA;AFRICA;OCEANIA","UN;UNGA","","","RESOLVED_BLANK","","","Regional reaction categories only; no collective bloc action assigned.","UNGA_26_1971","ASSIGNED","UN China representation issue in 1971; attitudes of countries around the 26th UN General Assembly.","","FRENCH_COLONIAL_LEGACY_IN_AFRICA;POSTCOLONIAL_STATES_AND_CHINA_REPRESENTATION;DECOLONIZATION_AND_UN_DIPLOMACY","Apply French colonial legacy because Ivory Coast, Madagascar, Senegal and possible Francophone African context appear; Congo remains ambiguous pending entity resolution.","Question of China's Representation in the United Nations: Attitudes of Latin American, African, and Oceanian Countries","国連中国代表権問題：ラテンアメリカ・アフリカ・オセアニア諸国の態度","UN China Representation;Vote Counting;Diplomatic Lobbying;Japanese Diplomatic Reporting;Postcolonial States and China Representation;French Colonial Legacy in Africa","国連中国代表権問題;票読み;外交ロビー活動;日本外交当局の報告;ポストコロニアル国家と中国代表権;アフリカにおけるフランス植民地遺産","CONGO_ENTITY_AMBIGUOUS","UN_CHINA_REPRESENTATION_ISSUE;VOTING_BEHAVIOR;VOTE_COUNTING;DIPLOMATIC_LOBBYING;SUPPORT_REQUEST;FOREIGN_GOVERNMENT_ATTITUDES;JAPANESE_DIPLOMATIC_REPORTING;PRC_ROC_COMPETITION","",""
"2015-2086","国連中国代表権問題/中共（各国の態度）","Question of China's Representation in the United Nations: Attitudes of Various Countries","部分公開","Partially Public","Partially Open","PRC;ROC;USA","GLOBAL;EAST_ASIA","UN_CHINA_REPRESENTATION_ISSUE","US_PRC_RAPPROCHEMENT;NIXON_VISIT_TO_PRC;FOREIGN_GOVERNMENT_ATTITUDES;JAPANESE_DIPLOMATIC_REPORTING;PRC_ROC_COMPETITION;VOTING_BEHAVIOR;VOTE_COUNTING","中共;中国;中華民国;ニクソン米大統領訪中発表;諸外国の態度","PRC;ROC;USA","Updated from user-supplied bloc review. Regional headings are treated as reporting categories, not blocs.","GLOBAL","UN;UNGA","","","RESOLVED_BLANK","","","ニクソン米大統領の訪中発表前後における中華民国および諸外国の態度を、日本の在外公館報告によって地域別に収集したファイルである。目次の各地域名は報告整理上の区分であり、共同声明、統一投票方針、共通交渉主体としてのblocを示さないため、bloc_idsは空欄とする。","NIXON_CHINA_VISIT_ANNOUNCEMENT_1971;UNGA_26_1971","ASSIGNED","史料概要にニクソン米大統領訪中発表前後の中華民国および諸外国の態度とあるため。UN China representation context also points to UNGA 26 in 1971.","ニクソン訪中発表は史料概要に明記された直接的な時期・外交転換点としてevent/keywordに付与。","DECOLONIZATION_AND_UN_DIPLOMACY;POSTCOLONIAL_STATES_AND_CHINA_REPRESENTATION","Nixon visit announcement treated as a diplomatic turning point for UN China representation and PRC/ROC competition.","UN China Representation: ROC and Foreign Reactions around the Announcement of Nixon's Visit to the PRC","国連中国代表権問題：ニクソン訪中発表前後の中華民国および諸外国の態度","UN China Representation;US-PRC Rapprochement;Nixon Visit to the PRC;Japanese Diplomatic Reporting;PRC-ROC Competition","国連中国代表権問題;米中接近;ニクソン米大統領訪中;日本外交当局の報告;中華人民共和国・中華民国競合","","UN_CHINA_REPRESENTATION_ISSUE;US_PRC_RAPPROCHEMENT;NIXON_VISIT_TO_PRC;FOREIGN_GOVERNMENT_ATTITUDES;JAPANESE_DIPLOMATIC_REPORTING;PRC_ROC_COMPETITION;VOTING_BEHAVIOR;VOTE_COUNTING","",""
"2015-2085","国連代表権問題/中共（アジア、中近東、アフリカ諸国の態度）","Question of China's Representation in the United Nations: Attitudes of Asian, Middle Eastern, and African Countries","部分公開","Partially Public","Partially Open","PRC;ROC","GLOBAL;EAST_ASIA","UN_CHINA_REPRESENTATION_ISSUE","VOTING_BEHAVIOR;VOTE_COUNTING;FOREIGN_GOVERNMENT_ATTITUDES;JAPANESE_DIPLOMATIC_REPORTING;PRC_ROC_COMPETITION;DIPLOMATIC_LOBBYING","中共;中国;アジア;中近東;アフリカ;第25回国連総会;第26回国連総会","PRC;ROC","Updated from user-supplied bloc review. Regional headings are treated as survey/reaction categories, not blocs.","ASIA;MIDEAST;AFRICA","UN;UNGA","","","RESOLVED_BLANK","","","第25回国連総会における中国代表権問題の票差接近を踏まえ、第26回総会に向けてアジア、中東、アフリカ諸国の態度を調査した史料である。地域名は態度調査の対象区分であり、共同声明、統一投票方針、地域グループとしての共同行動を示すものではない。bloc_idsは空欄とする。","UNGA_25_1970;UNGA_26_1971","ASSIGNED","第25回国連総会における中国代表権問題の票差接近を踏まえ、第26回総会に向けて各地域諸国の態度を調査した史料。","UNGA_25_1970を前提イベント、UNGA_26_1971を準備対象イベントとして付与。","DECOLONIZATION_AND_UN_DIPLOMACY;POSTCOLONIAL_STATES_AND_CHINA_REPRESENTATION;THIRD_WORLD_RESPONSES_TO_CHINA_REPRESENTATION","Asian, Middle Eastern, and African attitudes are treated as reaction regions and postcolonial/Third World diplomatic context, not as blocs.","UN China Representation: Attitudes of Asian, Middle Eastern, and African Countries before the 26th UN General Assembly","国連中国代表権問題：第26回国連総会に向けたアジア・中近東・アフリカ諸国の態度","UN China Representation;Vote Counting;Japanese Diplomatic Reporting;Postcolonial States and China Representation;Third World Responses to China Representation","国連中国代表権問題;票読み;日本外交当局の報告;ポストコロニアル国家と中国代表権;第三世界の中国代表権反応","","UN_CHINA_REPRESENTATION_ISSUE;VOTING_BEHAVIOR;VOTE_COUNTING;FOREIGN_GOVERNMENT_ATTITUDES;JAPANESE_DIPLOMATIC_REPORTING;PRC_ROC_COMPETITION;DIPLOMATIC_LOBBYING","",""
"2018-0965","国連に関する日・諸外国協議","Japan's Consultations with Foreign Countries on the United Nations","要審査","Requires Review","Access Review Required","JPN","GLOBAL","UN","CONSULT;DIP","","","Japan's consultations with foreign countries on UN matters.","","UN","Japan's consultations with foreign countries on UN matters. Main scale is global/international-institutional; UN belongs in organization_ids.","","NO_BLOC_ASSIGNED","","","","","NO_EVENT_ASSIGNED","","","","","","","","","","","",""
"2010-1215","国連第30回総会","Thirtieth Session of the United Nations General Assembly","部分公開","Partially Public","Partially Open","","GLOBAL","UNGA","UN;DIP;JAPANESE_DIPLOMATIC_REPORTING","国連第30回総会;アジア太平洋諸国;アラブ諸国;アフリカ諸国;招待ランチ","","Updated from user-supplied bloc review. Regional invitation lunches are not treated as blocs.","","UN;UNGA","United Nations General Assembly file. Treat as global scale; UN and UNGA belong in organization_ids.","","RESOLVED_BLANK","","","国連第30回総会出席に伴う外相・政府要人との個別会談、招待行事、日程調整を収録したファイルである。アジア太平洋諸国、アラブ諸国、アフリカ諸国の招待ランチは地域別行事であり、共同方針や統一交渉主体としてのblocを示さない。bloc_idsは空欄とする。","UNGA_30_1975","ASSIGNED_SOURCE_EXPLICIT","史料件名が「国連第30回総会」であり、国連第30回総会出席に伴う会談・行事・日程調整を収録するため。","UNGA_30_1975を付与。地域別招待ランチはblocではなく行事・日程上の地域区分として扱う。","","","30th Session of the United Nations General Assembly: Meetings, Invitations, and Schedule Coordination","国連第30回総会：会談・招待行事・日程調整","UN General Assembly;Japanese Diplomatic Reporting;Conference Diplomacy","国連総会;日本外交当局の報告;会議外交","","UNGA;UN;DIP;JAPANESE_DIPLOMATIC_REPORTING","",""
"2014-3472","国連 カンボディア問題国際会議","United Nations International Conference on the Cambodian Question","公開","Public","Open","KHM;VNM;PRC","ASIA;SOUTHEAST_ASIA","CAMBODIA_Q","UN;CONFERENCE_DIPLOMACY;DIP;VIETNAM_CAMBODIA_CONFLICT;INDOCHINA_CONFLICT;SOUTHEAST_ASIA_COMMUNISM;ASEAN_DIPLOMACY;CW","ヴィエトナム;ラオス;中国;ASEANの宣言案;国連第36回総会;アド・ホック委員会","","UN international conference on the Cambodian question. User-provided TOC confirms Cambodia international conference file includes foreign views, Vietnam/Laos/China country sections, and China view on ASEAN draft declaration; keywords expanded for Vietnam-Cambodia conflict, Indochina conflict, Southeast Asian communism, and ASEAN diplomacy.","","UN;ASEAN","","","NO_BLOC_ASSIGNED","","","","CAMBODIA_INTL_CONFERENCE_1981","ASSIGNED_SOURCE_EXPLICIT","User-provided MOFA TOC for 2014-3472 explicitly concerns 「国連カンボディア問題国際会議」 with sections on conference background, foreign views, draft declaration, Foreign Minister Sonoda speech, schedule, participants, and reference materials.","Assigned CAMBODIA_INTL_CONFERENCE_1981. TOC includes regional sections on foreign views, but these are report categories and do not by themselves create bloc_ids. TOC also includes reference material on 「国連第36回総会及びアド・ホック委員会」; keep UNGA_36_1981 in review unless scope is confirmed as substantial/direct. Keyword update: treat Vietnam-Cambodia conflict / Indochina conflict / Southeast Asian communism / ASEAN diplomacy as thematic keywords, not bloc_ids.","COLD_WAR_IN_SOUTHEAST_ASIA;SOUTHEAST_ASIAN_COMMUNIST_POLITICS;SINO_SOVIET_RIVALRY_IN_SOUTHEAST_ASIA;PRC_VIETNAM_RIVALRY;REGIONAL_IDEOLOGICAL_CONFLICT;COMMUNIST_PARTY_POLITICS","Added because the 1981 Cambodia international conference file concerns the Cambodia/Kampuchea question in Cold War Southeast Asia, including Vietnam-Cambodia conflict, ASEAN diplomacy, China views, and regional communist politics. These are analytical contexts, not source-explicit bloc_ids. Public subject view uses a concise display set: International Conference on Cambodia; Vietnam-Cambodia Conflict; Communist Politics in Southeast Asia; Communist Party Politics; Cold War in Southeast Asia.","International Conference on Cambodia","カンボジア問題国際会議","Vietnam-Cambodia Conflict;Communist Politics in Southeast Asia;Communist Party Politics;Cold War in Southeast Asia","ベトナム・カンボジア紛争;東南アジア共産主義政治;共産党政治;東南アジアにおける冷戦","","","",""
"2011-0193","UNCTAD第三回総会","Third Session of UNCTAD","要審査","Requires Review","Access Review Required","","GLOBAL","UNCTAD","UN;ECON_COOP;THIRD_WORLD","","","Third session of UNCTAD; development/economic cooperation context.","","UN;UNCTAD","UNCTAD third session. Main scale is global/development-institutional; UNCTAD belongs in organization_ids. Do not force ASIA/AFRICA/LATIN_AMERICA unless contents specify regional sections.","GROUP_OF_77;GROUP_B;ASIAN_GROUP;AFRICAN_GROUP","ASSIGNED_SOURCE_EXPLICIT","HIGH","Metadata explicitly identifies the Group of 77, Group B, Asian Group meeting, and African Group meeting in UNCTAD preparations.","Conference negotiating groups; do not replace UN/UNCTAD in organization_ids.","UNCTAD_III_1972","ASSIGNED_SOURCE_EXPLICIT","Title directly concerns 「UNCTAD第三回総会」.","UNCTAD session event; organization_ids remains UN;UNCTAD and bloc_ids reflects source-explicit negotiating groups.","","","","","","","","","",""
"2014-4153","諸外国国防・軍事","National Defense and Military Affairs in Foreign Countries","部分公開","Partially Public","Partially Open","","GLOBAL","DEFENSE","MIL","","","National defense and military affairs in foreign countries.","","","National defense and military affairs in foreign countries. Broad cross-regional file; use GLOBAL unless detailed contents justify specific regions.","","NO_BLOC_ASSIGNED","","","","","NO_EVENT_ASSIGNED","","","","","","","","","","","",""
"2010-4088","日韓経済協力案件（国別経済協力）","Japan-ROK Economic Cooperation Projects (Country-Specific Economic Cooperation)","公開","Public","Open","JPN;KOR","ASIA","ECON_COOP","BILAT;DIP","","","Japan-ROK economic cooperation.","","","","","NO_BLOC_ASSIGNED","","","","","NO_EVENT_ASSIGNED","","","","","","","","","","","",""
"2012-3234","フランス・中共外交関係樹立","Establishment of Diplomatic Relations between France and the PRC","部分公開","Partially Public","Partially Open","FRA;PRC;ROC;TWN","ASIA","SINO_FRENCH","NORM;REC;DIP;REPRESENTATION;RECOG_COMP;RECOG_SWITCH","中共","PRC","France-PRC diplomatic relations; recognition implications for ROC/China representation.","","","","","NO_BLOC_ASSIGNED","","","","","NO_EVENT_ASSIGNED","","","","","","","","","","","",""
"2017-0657","日ソ関係（第8回ソ連に関する日米非公式協議）","Japan-Soviet Relations: Eighth Informal Japan-US Consultations on the Soviet Union","部分公開","Partially Public","Partially Open","JPN;USSR;USA","GLOBAL;EAST_ASIA;EUROPE","SINO_SOVIET","CONSULT;CW;DIP","","","Japan-US informal consultations on the Soviet Union; tagged SINO_SOVIET only weakly because title concerns Soviet Union, not necessarily Sino-Soviet relations.","","","Japan-US informal consultations on the Soviet Union within Japan-Soviet relations. USSR is transregional; use GLOBAL plus EAST_ASIA/EUROPE provisionally. If a SOVIET_SPACE or EURASIA region is later added, review this row.","","NO_BLOC_ASSIGNED","","","","","NO_EVENT_ASSIGNED","","","","","","","","","","","",""
"2014-4226","河本通商産業大臣サウディ・アラビア、エジプト、イラク訪問","Visit by Minister of International Trade and Industry Komoto to Saudi Arabia, Egypt, and Iraq","部分公開","Partially Public","Partially Open","JPN;SAU;EGY;IRQ","MIDEAST","MINISTER_VISIT","VISIT;ECON_COOP;DIP","","","MITI Minister Komoto visit to Saudi Arabia, Egypt and Iraq.","","","","","NO_BLOC_ASSIGNED","","","","","NO_EVENT_ASSIGNED","","","","","","","","","","","",""
"B'.6.1.0.24-2","アジア・アフリカ会議関係一件 諸外国の態度（第二巻）","Records Relating to the Asian-African Conference: Positions of Foreign Countries (Vol. 2)","部分公開","Partially Public","Partially Open","PRC;ROC","AFRO_ASIA;ASIA;AFRICA","BANDUNG_CONFERENCE","FOREIGN_GOVERNMENT_ATTITUDES;GOVERNMENT_REACTIONS;PRC_ROC_COMPETITION;CONFERENCE_DIPLOMACY;NATIONAL_LIBERATION_MOVEMENT","中共;中華民国;ヴィエトミン;ヴィエトナム;SEATO加盟国","PRC;ROC","Added as volume 2 row from user-supplied review. Same archive_id is distinguished by volume column.","","VIET_MINH","","","RESOLVED_BLANK","","","バンドン会議に対する各国およびヴィエトミンの態度を国・主体別に収録した資料である。SEATO加盟国が複数含まれるが、SEATOまたは西側blocとしての共同方針・共同行動を示す表記はないため、bloc_idsは空欄とする。ヴィエトミンは国家ではなく民族解放運動としてorganization_idsで処理する。「ヴィエトナム」は1955年当時の政治実体が曖昧なため本文確認に回す。","BANDUNG_1955","ASSIGNED_SOURCE_EXPLICIT","バンドン会議に対する各国およびヴィエトミンの態度を国・主体別に収録した資料であるため。","BANDUNG_1955を主イベントとして付与。第二巻ではKASHMIR_PRINCESS_INCIDENT_1955は付与しない。","","SEATO member states appear, but no SEATO or Western bloc common policy/action is indicated. Vietnam reference requires text-level confirmation of political entity.","Asian-African Conference: Positions of Foreign Countries and the Viet Minh (Vol. 2)","アジア・アフリカ会議：諸外国およびヴィエトミンの態度（第二巻）","Bandung Conference;Foreign Government Attitudes;Viet Minh;PRC-ROC Competition;National Liberation Movement","バンドン会議;諸外国政府の態度;ヴィエトミン;中華人民共和国・中華民国競合;民族解放運動","VIETNAM_ENTITY_AMBIGUOUS","BANDUNG_CONFERENCE;FOREIGN_GOVERNMENT_ATTITUDES;GOVERNMENT_REACTIONS;PRC_ROC_COMPETITION;CONFERENCE_DIPLOMACY;NATIONAL_LIBERATION_MOVEMENT","SEATO","2"
